Date,AAPL,AMZN,CAT,JNJ,JPM,KO,MSFT,UNH,V,XOM,^GSPC
2025-03-12,216.03842163085938,198.88999938964844,333.54058837890625,158.43568420410156,223.3208770751953,67.93568420410156,380.3581237792969,467.9155578613281,330.3675231933594,105.50492858886719,5599.2998046875
2025-03-13,208.77008056640625,193.88999938964844,328.7860107421875,158.5718994140625,220.66534423828125,67.6248550415039,375.8923034667969,468.3143310546875,326.109375,105.06021118164062,5521.52001953125
2025-03-14,212.56356811523438,197.9499969482422,335.0301208496094,158.39675903320312,227.7696533203125,67.67377471923828,385.6079406738281,475.248779296875,329.335205078125,108.18292236328125,5638.93994140625
2025-03-17,213.07135009765625,195.74000549316406,337.9894104003906,158.4259490966797,229.22972106933594,68.6131362915039,385.74688720703125,485.3343811035156,332.0647888183594,109.98113250732422,5675.1201171875
2025-03-18,211.7670440673828,192.82000732421875,332.1398620605469,159.7977294921875,230.24884033203125,67.8890380859375,380.6062316894531,489.9833068847656,332.2831726074219,109.86510467529297,5614.66015625
2025-03-19,214.30596923828125,195.5399932861328,334.0239562988281,158.5718994140625,234.30564880371094,67.79118347167969,384.8735656738281,489.3998107910156,337.34527587890625,111.5763168334961,5675.2900390625
2025-03-20,213.17091369628906,194.9499969482422,331.6861267089844,158.60105895996094,234.2076416015625,68.21194458007812,383.9010314941406,497.2776184082031,336.97802734375,112.05004119873047,5662.89013671875
2025-03-21,217.3228302001953,196.2100067138672,331.2225036621094,159.19454956054688,236.77500915527344,67.19429779052734,388.2873840332031,502.67535400390625,333.1665954589844,111.663330078125,5667.56005859375
2025-03-24,219.7721405029297,203.25999450683594,337.03253173828125,158.86373901367188,243.0758056640625,67.4682846069336,390.09356689453125,502.33502197265625,341.3155822753906,111.953369140625,5767.56982421875
2025-03-25,222.77903747558594,205.7100067138672,337.96966552734375,156.65528869628906,246.08412170410156,67.33129119873047,392.1578063964844,499.3492126464844,342.05999755859375,112.71710968017578,5776.64990234375
2025-03-26,220.56866455078125,201.1300048828125,336.48016357421875,157.3363037109375,245.9861297607422,68.51528930664062,387.0072326660156,503.9884033203125,341.623291015625,114.34130859375,5712.2001953125
2025-03-27,222.8786163330078,201.36000061035156,334.6947326660156,158.70809936523438,243.13458251953125,69.21981048583984,387.6125793457031,501.57635498046875,347.2610778808594,113.97393798828125,5693.31005859375
2025-03-28,216.95440673828125,192.72000122070312,325.21514892578125,159.2723846435547,237.9705047607422,68.85777282714844,375.92205810546875,501.8876037597656,340.3031311035156,113.81925201416016,5580.93994140625
2025-03-31,221.1660614013672,190.25999450683594,325.3236389160156,161.34461975097656,240.37127685546875,70.0809097290039,372.5379943847656,509.3861999511719,347.8565979003906,114.97938537597656,5611.85009765625
2025-04-01,222.22146606445312,192.1699981689453,326.08319091796875,149.0959014892578,238.7642364501953,70.32553100585938,379.2863464355469,508.7734375,343.77716064453125,115.08573913574219,5633.06982421875
2025-04-02,222.91842651367188,196.00999450683594,330.11767578125,151.14869689941406,240.88082885742188,69.7971420288086,379.2367248535156,508.8512878417969,343.75726318359375,114.72801971435547,5670.97021484375
2025-04-03,202.30825805664062,178.41000366210938,301.6099548339844,155.4878387451172,224.0950164794922,71.60738372802734,370.2752990722656,525.6184692382812,336.86883544921875,108.6953125,5396.52001953125
2025-04-04,187.56253051757812,171.0,284.1698913574219,149.086181640625,207.32411193847656,68.4272232055664,357.10614013671875,510.6504821777344,310.8039245605469,100.87403869628906,5074.080078125
2025-04-07,180.6725616455078,175.25999450683594,276.2587585449219,146.53717041015625,211.42564392089844,66.90074920654297,355.14117431640625,510.3101806640625,309.9999694824219,99.52055358886719,5062.25
2025-04-08,171.6717987060547,170.66000366210938,270.22186279296875,145.93399047851562,213.82147216796875,66.94966888427734,351.8662109375,537.911865234375,305.9800109863281,97.4226303100586,4982.77001953125
2025-04-09,197.98709106445312,191.10000610351562,296.9244384765625,146.87771606445312,231.0458984375,68.44678497314453,387.5232849121094,562.6347045898438,329.9605407714844,102.2855453491211,5456.89990234375
2025-04-10,189.5936737060547,181.22000122070312,285.2352600097656,144.6595001220703,223.91754150390625,69.23938751220703,378.45269775390625,578.0986328125,322.1986389160156,96.61053466796875,5268.0498046875
2025-04-11,197.29013061523438,184.8699951171875,289.467041015625,147.61709594726562,232.87974548339844,69.89498901367188,385.498779296875,583.029541015625,330.9233093261719,99.71390533447266,5363.35986328125
2025-04-14,201.64117431640625,182.1199951171875,294.0736083984375,150.17581176757812,231.42056274414062,70.89305877685547,384.8636474609375,570.9599609375,332.69012451171875,99.95559692382812,5405.97021484375
2025-04-15,201.26280212402344,179.58999633789062,289.4472961425781,149.45587158203125,229.85292053222656,70.31575012207031,382.7994384765625,567.5851440429688,333.3154296875,99.67522430419922,5396.6298828125
2025-04-16,193.4269561767578,174.3300018310547,286.20196533203125,149.73800659179688,226.3824005126953,70.13961791992188,368.78668212890625,568.9952392578125,328.86871337890625,100.7290267944336,5275.7001953125
2025-04-17,196.1251983642578,172.61000061035156,290.25616455078125,153.20150756835938,228.69937133789062,71.43124389648438,364.98577880859375,441.6560363769531,327.1614685058594,103.36833190917969,5282.7001953125
2025-04-21,192.32176208496094,167.32000732421875,282.2276611328125,152.6664276123047,225.7711181640625,71.20618438720703,356.3916320800781,413.66534423828125,317.72216796875,101.8504867553711,5158.2001953125
2025-04-22,198.8732452392578,173.17999267578125,288.6009216308594,153.4739227294922,232.2783203125,72.31190490722656,364.0331115722656,415.4645690917969,328.93817138671875,104.70249938964844,5287.759765625
2025-04-23,203.71212768554688,180.60000610351562,293.16033935546875,151.16818237304688,237.4939727783203,71.72480010986328,371.5456237792969,416.22320556640625,331.88616943359375,103.80339050292969,5375.85986328125
2025-04-24,207.46578979492188,186.5399932861328,304.1524658203125,150.73036193847656,241.20111083984375,70.96156311035156,384.3574523925781,412.6149597167969,333.2161865234375,105.02153015136719,5484.77001953125
2025-04-25,208.371826171875,188.99000549316406,303.74609375,150.38986206054688,240.12643432617188,70.36468505859375,388.8729553222656,407.1588439941406,332.6802062988281,104.96353149414062,5525.2099609375
2025-04-28,209.2281036376953,187.6999969482422,304.3507080078125,151.1389923095703,239.80108642578125,70.24725341796875,388.18817138671875,408.4815368652344,335.0028076171875,105.02153015136719,5528.75
2025-04-29,210.29345703125,187.38999938964844,304.6877136230469,151.68380737304688,241.181396484375,70.79521179199219,391.0462951660156,398.00689697265625,338.9830017089844,104.76050567626953,5560.830078125
2025-04-30,211.57785034179688,184.4199981689453,306.54119873046875,152.0729522705078,241.181396484375,70.99092864990234,392.2570495605469,400.15631103515625,342.9334716796875,102.12118530273438,5569.06005859375
2025-05-01,212.39430236816406,190.1999969482422,311.1898193359375,150.27310180664062,243.41949462890625,69.75798797607422,422.16802978515625,389.69134521484375,339.9061279296875,102.2662124633789,5604.14013671875
2025-05-02,204.45889282226562,189.97999572753906,320.82403564453125,151.88809204101562,248.96047973632812,70.11026000976562,431.97296142578125,388.9522399902344,345.0178527832031,102.68192291259766,5686.669921875
2025-05-05,198.02691650390625,186.35000610351562,320.2590637207031,150.7984619140625,249.009765625,70.15918731689453,432.8562316894531,393.7080993652344,346.0501403808594,99.8395767211914,5650.3798828125
2025-05-06,197.6485595703125,185.00999450683594,318.0586853027344,150.2828369140625,245.74630737304688,70.17874908447266,430.0179443359375,383.69061279296875,345.11712646484375,101.23174285888672,5606.91015625
2025-05-07,195.39837646484375,188.7100067138672,317.4639892578125,153.03611755371094,245.88433837890625,70.84414672851562,430.0576477050781,380.3351745605469,347.25115966796875,101.13506317138672,5631.27978515625
2025-05-08,196.63299560546875,192.0800018310547,321.3890380859375,151.44058227539062,249.90699768066406,69.64057159423828,434.8410949707031,374.976318359375,348.66058349609375,102.54656982421875,5663.93994140625
2025-05-09,197.66847229003906,193.05999755859375,322.7469482421875,150.03961181640625,249.52247619628906,69.0045394897461,435.3967590332031,370.2009582519531,349.9211730957031,103.7453842163086,5659.91015625
2025-05-12,210.15048217773438,208.63999938964844,339.5275573730469,149.96177673339844,256.39447021484375,68.03582000732422,445.8467712402344,368.3627624511719,353.2065734863281,105.53392791748047,5844.18994140625
2025-05-13,212.28399658203125,211.3699951171875,349.429443359375,144.41627502441406,259.31292724609375,67.47806549072266,445.7276916503906,302.8404235839844,354.0815124511719,105.82395935058594,5886.5498046875
2025-05-14,211.6858367919922,210.25,346.5748291015625,142.39266967773438,261.90594482421875,67.67377471923828,449.4988098144531,299.5628356933594,354.3996276855469,104.87652587890625,5892.580078125
2025-05-15,210.80850219726562,205.1699981689453,346.7235412597656,145.5545654296875,263.7298889160156,70.07112121582031,450.512939453125,266.8259582519531,360.20587158203125,105.94001770019531,5916.93017578125
2025-05-16,210.6190643310547,205.58999633789062,350.4602355957031,147.22793579101562,263.7989501953125,70.4527359008789,451.6463623046875,283.9044189453125,363.0096130371094,105.55950164794922,5958.3798828125
2025-05-19,208.14659118652344,206.16000366210938,349.45916748046875,148.35650634765625,261.1566162109375,70.38423919677734,456.2197570800781,307.22674560546875,365.77349853515625,103.88131713867188,5963.60009765625
2025-05-20,206.232421875,204.07000732421875,346.4063415527344,149.49478149414062,261.9453430175781,70.14940643310547,455.5238342285156,312.7606506347656,364.71966552734375,102.39826965332031,5940.4599609375
2025-05-21,201.47689819335938,201.1199951171875,339.4879455566406,149.02780151367188,257.3705749511719,70.30596923828125,449.9561462402344,294.6707763671875,356.22900390625,101.1396484375,5844.60986328125
2025-05-22,200.7490997314453,203.10000610351562,342.144287109375,148.47325134277344,257.00579833984375,69.61122131347656,452.2329406738281,288.5338439941406,355.9009094238281,100.46642303466797,5842.009765625
2025-05-23,194.67758178710938,200.99000549316406,340.3601989746094,148.79429626464844,257.04522705078125,70.22767639160156,447.5799865722656,287.4640197753906,351.49652099609375,100.52495574951172,5802.81982421875
2025-05-27,199.60260009765625,206.02000427246094,348.4085388183594,150.37408447265625,261.56085205078125,70.23746490478516,458.02923583984375,286.90960693359375,357.22320556640625,101.00304412841797,5921.5400390625
2025-05-28,199.8119659423828,204.72000122070312,346.4063415527344,149.56947326660156,259.7861328125,69.62100219726562,454.718505859375,289.934326171875,357.6507263183594,99.62732696533203,5888.5498046875
2025-05-29,199.3433837890625,205.6999969482422,348.68603515625,150.69789123535156,260.65374755859375,69.95370483398438,456.0308837890625,289.9927062988281,360.3052978515625,100.19322967529297,5912.169921875
2025-05-30,200.24066162109375,205.00999450683594,344.959228515625,152.2973175048828,260.28900146484375,70.55059051513672,457.7011413574219,293.630126953125,363.0791931152344,99.81270599365234,5911.68994140625
2025-06-02,201.08807373046875,206.64999389648438,341.6288757324219,152.48373413085938,260.939697265625,70.4527359008789,459.3018798828125,296.3630676269531,363.20843505859375,100.54447937011719,5935.93994140625
2025-06-03,202.6533203125,205.7100067138672,346.3171081542969,151.5221405029297,262.52703857421875,69.63079071044922,460.2961120605469,292.9590759277344,363.74530029296875,101.2762451171875,5970.3701171875
2025-06-04,202.2046661376953,207.22999572753906,346.24774169921875,150.3446502685547,260.505859375,69.8362808227539,461.1908874511719,292.1421203613281,365.8729553222656,99.81270599365234,5970.81005859375
2025-06-05,200.0213165283203,207.91000366210938,345.8810119628906,150.77638244628906,258.2677917480469,69.38616943359375,464.9788818359375,287.7265930175781,364.6500549316406,99.35413360595703,5939.2998046875
2025-06-06,203.30133056640625,213.57000732421875,350.2322692871094,152.12069702148438,261.9946594238281,69.81670379638672,467.6632995605469,294.90423583984375,368.0801086425781,101.73480224609375,6000.35986328125
2025-06-09,200.8388214111328,216.97999572753906,354.91064453125,152.31690979003906,262.9904479980469,70.22767639160156,470.0196228027344,294.8750305175781,364.5406799316406,102.41779327392578,6005.8798828125
2025-06-10,202.0551300048828,217.61000061035156,355.4062194824219,153.51405334472656,264.8243408203125,70.79521179199219,468.2001953125,295.4585876464844,368.557373046875,104.61308288574219,6038.81005859375
2025-06-11,198.1769256591797,213.1999969482422,359.9359130859375,152.3463592529297,264.3806457519531,70.52123260498047,469.8903503417969,302.0429382324219,371.1522521972656,106.65225982666016,6022.240234375
2025-06-12,198.5956573486328,213.24000549316406,357.7751159667969,153.7200927734375,264.4693603515625,70.68757629394531,476.104248046875,309.7651672363281,369.2532653808594,107.06206512451172,6045.259765625
2025-06-13,195.85400390625,212.10000610351562,353.8996276855469,154.15184020996094,261.22564697265625,69.9878921508789,472.2168273925781,304.9314880371094,350.8105163574219,109.39395141601562,5976.97021484375
2025-06-16,197.81802368164062,216.10000610351562,359.2420654296875,152.30712890625,266.5595703125,69.49516296386719,476.3727111816406,301.3465881347656,353.42535400390625,109.74520111083984,6033.10986328125
2025-06-17,195.04644775390625,214.82000732421875,354.5240478515625,149.5204315185547,265.73138427734375,68.60824584960938,475.279052734375,302.53173828125,355.77166748046875,111.22823333740234,5982.72021484375
2025-06-18,195.98361206054688,212.52000427246094,356.6253967285156,147.9013671875,270.10894775390625,68.2042007446289,477.4663391113281,300.8960266113281,338.41259765625,110.43793487548828,5980.8701171875
2025-06-20,200.39019775390625,209.69000244140625,357.3389892578125,146.97901916503906,271.1343688964844,67.8395767211914,474.64276123046875,295.8125305175781,336.6130676269531,111.91121673583984,5967.83984375
2025-06-23,200.888671875,208.47000122070312,362.9986572265625,148.48031616210938,274.3583679199219,68.72649383544922,483.19305419921875,294.5097961425781,341.76312255859375,109.02317810058594,6025.169921875
2025-06-24,199.69232177734375,212.77000427246094,369.72869873046875,149.333984375,277.3063659667969,69.1896743774414,487.2793273925781,299.3484191894531,349.5975646972656,105.70584869384766,6092.18017578125
2025-06-25,200.948486328125,211.99000549316406,368.3013916015625,149.42230224609375,280.0669860839844,68.61809539794922,489.4268493652344,295.8222961425781,343.2643737792969,105.7351303100586,6092.16015625
2025-06-26,200.39019775390625,217.1199951171875,378.51055908203125,149.1573486328125,284.6910400390625,68.4604263305664,494.57696533203125,296.4100036621094,344.02996826171875,107.31573486328125,6141.02001953125
2025-06-27,200.469970703125,223.3000030517578,381.3155517578125,149.5498504638672,283.0740966796875,69.30792999267578,493.07568359375,302.76678466796875,346.5950012207031,106.72056579589844,6173.06982421875
2025-06-30,204.54754638671875,219.38999938964844,384.7846984863281,149.8834686279297,285.8347473144531,69.7218246459961,494.5372009277344,305.568115234375,352.9977722167969,105.17898559570312,6204.9501953125
2025-07-01,207.18951416015625,220.4600067138672,387.4707946777344,152.99398803710938,286.3277282714844,70.62844848632812,489.2081298828125,319.4473571777344,353.41534423828125,106.58396911621094,6198.009765625
2025-07-02,211.7954864501953,219.9199981689453,394.9145202636719,152.6407470703125,287.8953857421875,69.87950134277344,488.2536926269531,301.24859619140625,352.1725769042969,108.34996032714844,6227.419921875
2025-07-03,212.90211486816406,223.41000366210938,394.3495178222656,153.08229064941406,293.2451171875,70.31310272216797,495.9589538574219,302.21832275390625,356.7857666015625,109.47200012207031,6279.35009765625
2025-07-07,209.3130340576172,223.47000122070312,388.05560302734375,152.35618591308594,289.25262451171875,69.97804260253906,494.84539794921875,297.4776306152344,354.57861328125,108.40850067138672,6229.97998046875
2025-07-08,209.37286376953125,219.36000061035156,390.81103515625,152.8664093017578,280.1481628417969,69.21923065185547,493.7517395019531,301.3857727050781,352.50067138671875,111.41361999511719,6225.52001953125
2025-07-09,210.4994354248047,222.5399932861328,398.6314392089844,153.34722900390625,280.524658203125,68.47028350830078,500.6019592285156,296.6940612792969,355.6921691894531,111.0331039428711,6263.259765625
2025-07-10,211.76559448242188,222.25999450683594,404.7271728515625,154.73077392578125,285.5078125,68.75606536865234,498.58367919921875,293.36383056640625,353.8230285644531,112.13562774658203,6280.4599609375
2025-07-11,210.5193634033203,225.02000427246094,402.33843994140625,153.95559692382812,284.190185546875,68.8546142578125,500.4130554199219,297.8596496582031,345.9189453125,112.62347412109375,6259.75
2025-07-14,207.98707580566406,225.69000244140625,402.1897277832031,153.87709045410156,286.0130615234375,68.4604263305664,500.1147766113281,294.4118347167969,348.4740905761719,111.15017700195312,6268.56005859375
2025-07-15,208.47560119628906,226.35000610351562,401.0697326660156,152.258056640625,283.8830871582031,68.3520278930664,502.89862060546875,285.7238464355469,345.01422119140625,110.16474914550781,6243.759765625
2025-07-16,209.52239990234375,223.19000244140625,409.2370300292969,161.68772888183594,283.1598815917969,68.2633285522461,502.6997375488281,286.4878234863281,347.8775634765625,109.50127410888672,6263.7001953125
2025-07-17,209.38282775878906,223.8800048828125,414.3812561035156,159.92149353027344,287.201904296875,69.56414031982422,508.7446594238281,282.1585693359375,347.7880859375,108.94513702392578,6297.35986328125
2025-07-18,210.539306640625,226.1300048828125,410.0596923828125,160.6279754638672,288.55914306640625,68.83489990234375,507.10418701171875,276.84979248046875,347.032470703125,105.14971160888672,6296.7900390625
2025-07-21,211.8353729248047,229.3000030517578,407.9407653808594,161.2755889892578,288.2619323730469,69.05170440673828,507.1141052246094,276.3502502441406,348.91156005859375,105.42291259765625,6305.60009765625
2025-07-22,213.74952697753906,227.47000122070312,415.0238037109375,164.77859497070312,288.7176513671875,68.64766693115234,502.3517761230469,279.2789001464844,349.8262023925781,105.90099334716797,6309.6201171875
2025-07-23,213.50030517578125,228.2899932861328,425.3697814941406,165.92666625976562,293.998046875,68.15493774414062,502.9483337402344,286.5074462890625,353.2364196777344,107.25719451904297,6358.91015625
2025-07-24,213.11148071289062,232.22999572753906,427.2897644042969,166.3780059814453,293.78997802734375,68.0958023071289,507.92938232421875,272.8633117675781,351.9240417480469,108.0962905883789,6363.35009765625
2025-07-25,213.2311248779297,231.44000244140625,431.497802734375,165.14166259765625,295.84075927734375,68.16478729248047,510.74310302734375,275.29241943359375,354.9762878417969,107.71576690673828,6388.64013671875
2025-07-28,213.40061950683594,232.7899932861328,430.6920166015625,163.10069274902344,295.50390625,67.10047912597656,509.5400390625,276.3306579589844,353.41534423828125,108.73048400878906,6389.77001953125
2025-07-29,210.62904357910156,231.00999450683594,427.8169860839844,164.95523071289062,294.27545166015625,68.37173461914062,509.6096496582031,255.71263122558594,349.2595520019531,110.13546752929688,6370.85986328125
2025-07-30,208.415771484375,230.19000244140625,431.8658752441406,164.1211700439453,296.8413391113281,67.75089263916016,510.2757568359375,260.5806579589844,348.8817443847656,109.1792984008789,6362.89990234375
2025-07-31,206.94027709960938,234.11000061035156,435.7456359863281,161.6484832763672,293.4828796386719,66.90338897705078,530.4187622070312,244.43881225585938,343.4731750488281,108.92561340332031,6339.39013671875
2025-08-01,201.76600646972656,214.75,426.4640808105469,164.1898651123047,286.6768493652344,67.85929107666016,521.0830078125,232.89076232910156,337.3885498046875,106.9742431640625,6238.009765625
2025-08-04,202.7330780029297,211.64999389648438,431.44805908203125,167.83023071289062,291.5213317871094,67.95783996582031,532.54638671875,236.03488159179688,340.17236328125,104.75943756103516,6329.93994140625
2025-08-05,202.3043670654297,213.75,431.9753112792969,167.53585815429688,288.658203125,68.0465316772461,524.701904296875,245.84925842285156,335.4796447753906,104.63259887695312,6299.18994140625
2025-08-06,212.60302734375,222.30999755859375,425.4991149902344,167.388671875,288.6383972167969,68.49984741210938,521.908203125,240.73638916015625,337.7762756347656,103.92034149169922,6345.06005859375
2025-08-07,219.36245727539062,223.1300048828125,414.9541320800781,168.31103515625,284.2694396972656,69.40647888183594,517.8319091796875,239.649169921875,330.1705017089844,103.37396240234375,6340.0
2025-08-08,228.6541748046875,222.69000244140625,414.35723876953125,170.0772705078125,286.0725402832031,69.31777954101562,519.0249633789062,245.74154663085938,334.8333740234375,104.20330047607422,6389.4501953125
2025-08-11,226.747802734375,221.3000030517578,406.418701171875,170.55809020996094,286.8650817871094,69.7218246459961,518.7565307617188,247.191162109375,333.9584655761719,103.25688171386719,6373.4501953125
2025-08-12,229.21310424804688,221.47000122070312,410.5670471191406,169.53758239746094,290.12445068359375,69.68240356445312,526.183349609375,256.2023620605469,335.3827209472656,103.5495834350586,6445.759765625
2025-08-13,232.88612365722656,224.55999755859375,411.55194091796875,171.1468048095703,287.8260192871094,69.43603515625,517.5734252929688,266.23223876953125,341.1692810058594,104.98384094238281,6466.580078125
2025-08-14,232.337158203125,230.97999572753906,415.3321838378906,171.44117736816406,291.4222717285156,68.53926086425781,519.4623413085938,265.9187927246094,344.0974426269531,104.7691879272461,6468.5400390625
2025-08-15,231.1494140625,231.02999877929688,405.672607421875,173.32516479492188,287.7864074707031,68.90388488769531,517.1657104492188,297.771484375,343.0815734863281,104.86766815185547,6449.7998046875
2025-08-18,230.4507598876953,231.49000549316406,410.4974365234375,172.94247436523438,288.8167419433594,68.1253662109375,514.1134033203125,302.1595458984375,341.3585205078125,105.09416961669922,6449.14990234375
2025-08-19,230.1213836669922,228.00999450683594,413.92950439453125,174.46339416503906,287.954833984375,69.11083221435547,506.8258056640625,297.9967346191406,341.0697326660156,105.78350067138672,6411.3701171875
2025-08-20,225.5800323486328,223.80999755859375,418.4061279296875,175.48385620117188,289.5201110839844,69.67254638671875,502.7991943359375,293.6870422363281,342.5437316894531,106.8765869140625,6395.77978515625
2025-08-21,224.47215270996094,221.9499969482422,415.72015380859375,175.57217407226562,288.7572937011719,69.63313293457031,502.15185546875,297.125,342.3046875,107.56593322753906,6370.169921875
2025-08-22,227.3267059326172,228.83999633789062,433.4078369140625,175.9254150390625,293.4828796386719,69.11083221435547,505.1295166015625,301.1114807128906,348.6291198730469,109.58470153808594,6466.91015625
2025-08-25,226.72784423828125,227.94000244140625,430.0553283691406,175.0619354248047,292.1553649902344,67.92827606201172,502.17181396484375,298.60400390625,347.4140319824219,110.03768157958984,6439.31982421875
2025-08-26,228.87376403808594,228.7100067138672,429.020751953125,174.44911193847656,295.7912292480469,67.73118591308594,499.96099853515625,294.26495361328125,349.7644958496094,109.79148864746094,6465.93994140625
2025-08-27,230.05152893066406,229.1199951171875,430.4234313964844,174.74563598632812,296.4945983886719,67.82972717285156,504.6415100097656,297.6441345214844,348.9378662109375,111.03230285644531,6481.39990234375
2025-08-28,232.11758422851562,231.60000610351562,432.6517639160156,173.42112731933594,298.2679443359375,67.3665542602539,507.5295104980469,296.0867614746094,348.4498291015625,111.62316131591797,6501.85986328125
2025-08-29,231.69837951660156,229.0,416.8641662597656,175.12124633789062,298.6147155761719,67.98739624023438,504.59173583984375,303.5111999511719,350.36212158203125,112.54883575439453,6460.259765625
2025-09-02,229.28298950195312,225.33999633789062,413.8896789550781,176.00094604492188,296.91070556640625,68.05638122558594,503.0282287597656,302.4631652832031,348.65899658203125,112.9427490234375,6415.5400390625
2025-09-03,238.01634216308594,225.99000549316406,412.96453857421875,175.94163513183594,296.72247314453125,67.98739624023438,503.2572937011719,301.5620422363281,349.45574951171875,110.2051010131836,6448.259765625
2025-09-04,239.32383728027344,235.67999267578125,418.0380554199219,176.69285583496094,300.99237060546875,67.2581558227539,505.866455078125,304.0107421875,349.5752868652344,110.68763732910156,6502.080078125
2025-09-05,239.2340087890625,232.3300018310547,420.8831787109375,176.36666870117188,291.6402282714844,66.97237396240234,492.9501647949219,308.9179382324219,341.83660888671875,107.56593322753906,6481.5
2025-09-08,237.42745971679688,235.83999633789062,420.5847473144531,176.0701446533203,290.18389892578125,66.4500732421875,496.13690185546875,313.6781921386719,340.9202880859375,108.17648315429688,6495.14990234375
2025-09-09,233.9041748046875,238.24000549316406,415.9190979003906,174.91368103027344,295.0779113769531,66.87382507324219,496.3460388183594,340.7804260253906,342.6034851074219,108.96429443359375,6512.60986328125
2025-09-10,226.35855102539062,230.3300018310547,420.7140808105469,173.75718688964844,297.7428894042969,66.83440399169922,498.29791259765625,339.66375732421875,336.7571716308594,110.7861099243164,6532.0400390625
2025-09-11,229.59239196777344,229.9499969482422,429.1401062011719,176.4358673095703,302.7161560058594,66.63731384277344,498.9352722167969,346.3536071777344,342.1054992675781,110.43159484863281,6587.47021484375
2025-09-12,233.6247100830078,228.14999389648438,429.2793884277344,176.00094604492188,304.0535888671875,66.03617858886719,507.7884521484375,345.2762145996094,338.0618896484375,110.4512939453125,6584.2900390625
2025-09-15,236.24969482421875,231.42999267578125,433.67645263671875,175.34857177734375,306.0250549316406,65.74819946289062,513.225830078125,342.9007873535156,337.6833801269531,110.63839721679688,6615.27978515625
2025-09-16,237.6969451904297,234.0500030517578,438.38189697265625,174.41946411132812,306.3123474121094,65.77798461914062,506.9320068359375,334.9070739746094,338.6594543457031,112.93289947509766,6606.759765625
2025-09-17,238.5353546142578,231.6199951171875,448.32000732421875,175.15089416503906,308.8485412597656,66.5724105834961,507.9079284667969,336.7108154296875,344.8045959472656,113.53359985351562,6600.35009765625
2025-09-18,237.42745971679688,231.22999572753906,464.53533935546875,172.14605712890625,310.3147888183594,65.99645233154297,506.3444519042969,330.0182189941406,336.8169250488281,112.19432830810547,6631.9599609375
2025-09-19,245.032958984375,231.47999572753906,464.1175537109375,174.152587890625,311.850341796875,65.96665954589844,515.78515625,331.86138916015625,340.23309326171875,111.10123443603516,6664.35986328125
2025-09-22,255.5928192138672,227.6300048828125,469.648681640625,172.1954803466797,309.5321044921875,65.74819946289062,512.319580078125,336.4052734375,342.97198486328125,110.31341552734375,6693.75
2025-09-23,253.9459686279297,220.7100067138672,468.81304931640625,174.53805541992188,309.8293151855469,66.24471282958984,507.1212463378906,342.7036437988281,337.3348388671875,112.2140121459961,6656.919921875
2025-09-24,251.8300018310547,220.2100067138672,467.3506774902344,174.64678955078125,310.5030212402344,65.98651885986328,508.0373840332031,346.7645568847656,337.31488037109375,112.81472778320312,6637.97021484375
2025-09-25,256.3813171386719,218.14999389648438,461.31219482421875,175.6747589111328,310.5327453613281,65.51980590820312,504.9303283691406,340.60418701171875,333.58001708984375,113.82903289794922,6604.72021484375
2025-09-26,254.97401428222656,219.77999877929688,463.34161376953125,177.6318817138672,313.118408203125,65.21195983886719,509.34197998046875,339.1453857421875,336.01019287109375,115.4342041015625,6643.7001953125
2025-09-29,253.9459686279297,222.1699981689453,469.16119384765625,179.519775390625,312.75189208984375,65.57938385009766,512.4689331054688,340.2296447753906,338.7889404296875,112.47990417480469,6661.2099609375
2025-09-30,254.14559936523438,219.57000732421875,474.6724548339844,183.27584838867188,312.4942932128906,65.85742950439453,515.8051147460938,340.347900390625,340.0040283203125,111.03230285644531,6688.4599609375
2025-10-01,254.9640350341797,220.6300048828125,478.3233947753906,183.89854431152344,307.8182373046875,66.31422424316406,517.557861328125,343.3049011230469,346.4280090332031,110.28387451171875,6711.2001953125
2025-10-02,256.6408386230469,222.41000366210938,488.02276611328125,183.82936096191406,304.6876220703125,65.63896179199219,513.604248046875,348.6471862792969,344.55560302734375,109.59454345703125,6715.35009765625
2025-10-03,257.5291442871094,219.50999450683594,495.26495361328125,186.45860290527344,307.1445617675781,66.18512725830078,515.20751953125,355.03424072265625,348.429931640625,111.53453063964844,6715.7900390625
2025-10-06,256.20166015625,220.89999389648438,492.80780029296875,185.98416137695312,307.7916259765625,65.63896179199219,526.3811645507812,353.6247253417969,347.8721618652344,112.460205078125,6740.27978515625
2025-10-07,255.99209594726562,221.77999877929688,484.18280029296875,186.70570373535156,306.3083190917969,66.32415008544922,521.8101196289062,358.4446105957031,350.9995422363281,112.51929473876953,6714.58984375
2025-10-08,257.569091796875,225.22000122070312,499.5128173828125,187.4964599609375,302.6647644042969,65.65882873535156,522.676513671875,364.6148376464844,349.94378662109375,112.28295135498047,6753.72021484375
2025-10-09,253.55670166015625,227.74000549316406,497.76190185546875,188.87039184570312,304.15802001953125,65.9070816040039,520.2366943359375,362.41680908203125,345.6412353515625,111.18986511230469,6735.10986328125
2025-10-10,244.80340576171875,216.3699951171875,488.74896240234375,188.51455688476562,299.53887939453125,66.5724105834961,508.84405517578125,349.4159851074219,342.2648620605469,109.04307556152344,6552.509765625
2025-10-13,247.18885803222656,220.07000732421875,502.13909912109375,188.69247436523438,306.5870666503906,66.3340835571289,511.9212341308594,353.51629638671875,341.9162902832031,110.53006744384766,6654.72021484375
2025-10-14,247.29864501953125,216.38999938964844,524.7311401367188,188.64305114746094,300.7235107421875,67.03913116455078,511.4432373046875,354.7680969238281,346.9757995605469,110.57930755615234,6644.31005859375
2025-10-15,248.86566162109375,215.57000732421875,531.2770385742188,188.9593505859375,304.3172912597656,66.61212921142578,511.3038024902344,355.9706115722656,344.2966613769531,109.90966796875,6671.06005859375
2025-10-16,246.97926330566406,214.47000122070312,538.151123046875,189.8983612060547,297.19940185546875,67.11856842041016,509.4913330078125,351.55487060546875,334.048095703125,108.9544448852539,6629.06982421875
2025-10-17,251.81002807617188,213.0399932861328,524.3432006835938,190.98565673828125,296.22381591796875,67.962646484375,511.4532470703125,351.4858703613281,340.5119934082031,110.53006744384766,6664.009765625
2025-10-20,261.7411193847656,216.47999572753906,529.9400634765625,191.4798583984375,301.0022277832031,67.962646484375,514.6498413085938,359.25286865234375,343.0218200683594,110.9830551147461,6735.1298828125
2025-10-21,262.27008056640625,222.02999877929688,523.4253540039062,189.66114807128906,295.75592041015625,70.72325134277344,515.5162963867188,360.13006591796875,345.8105163574219,110.99291229248047,6735.35009765625
2025-10-22,257.9583435058594,217.9499969482422,512.7103881835938,190.70889282226562,292.7892761230469,70.31610870361328,518.3843994140625,356.30572509765625,343.9679870605469,112.96244049072266,6699.39990234375
2025-10-23,259.0861511230469,221.08999633789062,519.2850341796875,190.24432373046875,293.2173767089844,69.45218658447266,518.404296875,355.2806701660156,344.5655517578125,114.21309661865234,6738.43994140625
2025-10-24,262.3200378417969,224.2100067138672,521.5098266601562,188.1982421875,299.09088134765625,69.22378540039062,521.441650390625,357.3012390136719,345.9798583984375,113.632080078125,6791.68994140625
2025-10-27,268.2986145019531,226.97000122070312,525.8397216796875,188.0994110107422,302.7842102050781,69.57134246826172,529.3189697265625,360.7313537597656,346.4180908203125,114.1737060546875,6875.16015625
2025-10-28,268.4882507324219,229.25,523.2457275390625,184.7683868408203,303.98876953125,69.670654296875,539.8252563476562,362.5646667480469,345.50177001953125,113.2775650024414,6890.89013671875
2025-10-29,269.1869201660156,230.3000030517578,584.123291015625,184.44219970703125,304.13812255859375,67.8732681274414,539.307373046875,350.16510009765625,339.9044189453125,114.67593383789062,6890.58984375
2025-10-30,270.8836669921875,222.86000061035156,581.788818359375,186.86387634277344,308.05047607421875,68.4988784790039,523.582763671875,339.8058166503906,343.6393127441406,112.9427490234375,6822.33984375
2025-10-31,269.85565185546875,244.22000122070312,575.9125366210938,186.68594360351562,309.722900390625,68.41943359375,515.6656494140625,336.66156005859375,339.3665771484375,112.6177749633789,6840.2001953125
2025-11-03,268.53814697265625,254.0,569.2581176757812,184.1061248779297,307.96087646484375,67.49592590332031,514.888916015625,329.00299072265625,335.54205322265625,112.02691650390625,6851.97021484375
2025-11-04,269.5262756347656,249.32000732421875,546.3018188476562,184.69918823242188,307.861328125,68.18111419677734,512.2001342773438,326.0854187011719,338.9283752441406,112.40113067626953,6771.5498046875
2025-11-05,269.6260986328125,250.1999969482422,567.8214721679688,183.84913635253906,310.2803955078125,68.03215789794922,505.0597839355469,323.03973388671875,338.66943359375,111.94813537597656,6796.2900390625
2025-11-06,269.25677490234375,243.0399932861328,568.4500122070312,184.80792236328125,312.0126037597656,68.57831573486328,495.04144287109375,316.9483947753906,335.6018371582031,112.7556381225586,6720.31982421875
2025-11-07,267.9592590332031,244.41000366210938,561.7855834960938,184.4125518798828,312.7990417480469,70.05792999267578,494.7626037597656,319.56036376953125,334.6656188964844,115.4342041015625,6728.7998046875
2025-11-10,269.1781311035156,248.39999389648438,569.5174560546875,186.2312774658203,315.4670104980469,70.02812957763672,503.9045715332031,316.96807861328125,333.5003662109375,116.4189682006836,6832.43017578125
2025-11-11,274.99267578125,249.10000610351562,566.6043090820312,191.58859252929688,314.20269775390625,71.11053466796875,506.573486328125,322.7539367675781,337.553955078125,117.9552001953125,6846.60986328125
2025-11-12,273.21435546875,244.1999969482422,571.6824340820312,192.14210510253906,318.97119140625,71.01123046875,509.0233154296875,334.1974182128906,338.1826477050781,116.32048797607422,6850.919921875
2025-11-13,272.6948547363281,237.5800018310547,552.2578735351562,192.99217224121094,308.0903015136719,70.57430267333984,501.205810546875,327.7511901855469,335.3883972167969,116.98028564453125,6737.490234375
2025-11-14,272.15533447265625,234.69000244140625,552.73681640625,193.664306640625,302.2466125488281,70.6636734008789,508.0672607421875,317.24407958984375,329.3408508300781,118.50015258789062,6734.10986328125
2025-11-17,267.2099609375,232.8699951171875,550.7613525390625,197.27210998535156,299.02117919921875,70.18701934814453,505.3883972167969,315.92327880859375,325.07965087890625,116.90081024169922,6672.41015625
2025-11-18,267.19000244140625,222.5500030517578,545.6034545898438,197.68724060058594,298.06549072265625,70.72325134277344,491.74517822265625,309.08282470703125,320.51904296875,118.24187469482422,6617.31982421875
2025-11-19,268.3089294433594,222.69000244140625,551.8189086914062,200.168212890625,301.90814208984375,70.61402130126953,485.1027526855469,304.6572265625,323.4530029296875,116.572998046875,6642.16015625
2025-11-20,266.0010986328125,217.13999938964844,544.855224609375,200.72174072265625,297.0401306152344,70.71332550048828,477.3404846191406,307.07208251953125,323.1037292480469,116.24517822265625,6538.759765625
2025-11-21,271.2361755371094,220.69000244140625,549.1451416015625,201.54214477539062,296.6817321777344,72.4411849975586,471.04486083984375,315.3811950683594,327.3050842285156,116.3047866821289,6602.990234375
2025-11-24,275.6620788574219,226.27999877929688,558.2937622070312,203.6672821044922,296.6618347167969,72.08369445800781,472.92059326171875,314.474365234375,328.6223449707031,115.20213317871094,6705.1201171875
2025-11-25,276.7110900878906,229.6699981689453,565.287353515625,205.57713317871094,301.6393737792969,72.10356140136719,475.90374755859375,321.6007080078125,333.8415832519531,113.75180053710938,6765.8798828125
2025-11-26,277.29052734375,229.16000366210938,572.3907470703125,206.46241760253906,306.258544921875,72.37167358398438,484.3943786621094,324.9814758300781,333.1031188964844,114.01007843017578,6812.60986328125
2025-11-28,278.5893249511719,233.22000122070312,574.4160766601562,205.8258056640625,311.6741027832031,72.61000061035156,490.88958740234375,325.0406188964844,333.75177001953125,115.1524658203125,6849.08984375
2025-12-01,282.8353576660156,233.8800048828125,566.7340087890625,204.254150390625,307.5328063964844,71.94999694824219,485.6315612792969,318.5747375488281,329.7101135253906,115.8577651977539,6812.6298828125
2025-12-02,285.9224548339844,234.4199981689453,581.1103515625,204.333740234375,306.4974670410156,70.66999816894531,488.8841552734375,319.8856506347656,328.9416809082031,114.61603546142578,6829.3701171875
2025-12-03,283.8843688964844,232.3800048828125,590.1093139648438,204.2442169189453,310.7283935546875,70.80999755859375,476.64208984375,334.8381042480469,328.93170166015625,117.02001953125,6849.72021484375
2025-12-04,280.4375915527344,229.11000061035156,597.75146484375,201.40928649902344,314.6805725097656,70.44999694824219,479.7449951171875,328.707275390625,326.4268798828125,116.36438751220703,6857.1201171875
2025-12-05,278.5193786621094,229.52999877929688,601.7620239257812,200.8621826171875,313.6253356933594,70.0,482.0597229003906,326.1642761230469,330.558349609375,115.76836395263672,6870.39990234375
2025-12-08,277.6302185058594,226.88999938964844,595.1076049804688,200.5538330078125,313.7945556640625,70.25,489.9018249511719,321.12347412109375,326.16741943359375,115.21207427978516,6846.509765625
2025-12-09,276.9208679199219,227.9199981689453,592.9725952148438,198.90261840820312,299.16058349609375,70.08999633789062,490.8995361328125,321.1036376953125,325.828125,117.467041015625,6840.509765625
2025-12-10,278.5193786621094,231.77999877929688,613.91357421875,205.44781494140625,308.7174377441406,70.20999908447266,477.4701843261719,325.83685302734375,325.0596923828125,118.74849700927734,6886.68017578125
2025-12-11,277.77008056640625,230.27999877929688,624.149658203125,208.8994598388672,315.9548034667969,69.11000061035156,482.3690185546875,334.1323547363281,344.91876220703125,118.74849700927734,6901.0
2025-12-12,278.0198669433594,226.19000244140625,596.494384765625,210.46116638183594,317.0896911621094,70.5199966430664,477.4402770996094,339.20294189453125,347.11419677734375,118.03326416015625,6827.41015625
2025-12-15,273.8537292480469,222.5399932861328,588.3833618164062,213.03746032714844,318.58294677734375,70.97000122070312,473.73870849609375,338.4686584472656,346.1761779785156,116.98028564453125,6816.509765625
2025-12-16,274.353271484375,222.55999755859375,587.5552978515625,208.19322204589844,314.1330261230469,70.37000274658203,475.3051452636719,331.62188720703125,344.3998107910156,113.9206771850586,6800.259765625
2025-12-17,271.58587646484375,221.27000427246094,560.5784301757812,209.2177734375,313.5655822753906,70.66999816894531,475.0357360839844,329.07171630859375,343.7012634277344,116.63260650634766,6721.43017578125
2025-12-18,271.935546875,226.75999450683594,564.5092163085938,207.2084503173828,311.594482421875,70.36000061035156,482.87786865234375,325.608642578125,345.2979736328125,115.76836395263672,6774.759765625
2025-12-19,273.4141845703125,227.35000610351562,574.8749389648438,205.27871704101562,315.7855529785156,70.05999755859375,484.8134460449219,324.8941955566406,348.5312805175781,115.91736602783203,6834.5
2025-12-22,270.7166748046875,228.42999267578125,581.0504760742188,206.22369384765625,321.63916015625,70.20999908447266,483.81573486328125,322.651611328125,351.3654479980469,117.3676986694336,6878.490234375
2025-12-23,272.1053771972656,232.13999938964844,581.0604858398438,204.69183349609375,324.4664001464844,69.87000274658203,485.7413330078125,322.29437255859375,352.6528015136719,118.62928771972656,6909.7900390625
2025-12-24,273.55401611328125,232.3800048828125,582.3973999023438,206.68125915527344,327.6918640136719,70.11000061035156,486.90863037109375,325.05291748046875,354.4091796875,118.43061828613281,6932.0498046875
2025-12-26,273.1444091796875,232.52000427246094,581.63916015625,206.5320587158203,326.4375305175781,69.87000274658203,486.599365234375,329.2701416015625,354.26947021484375,118.32134246826172,6929.93994140625
2025-12-29,273.50408935546875,232.07000732421875,577.2593994140625,206.46241760253906,322.29620361328125,70.16000366210938,485.9907531738281,326.4024353027344,353.8802490234375,119.73194122314453,6905.740234375
2025-12-30,272.82470703125,232.52999877929688,576.042236328125,205.81585693359375,321.96771240234375,70.06999969482422,486.3699035644531,329.5976257324219,352.8923034667969,120.18889617919922,6896.240234375
2025-12-31,271.6058349609375,230.82000732421875,571.5327758789062,205.85565185546875,320.7730712890625,69.91000366210938,482.5186767578125,327.56341552734375,349.98828125,119.54319763183594,6845.5
2026-01-02,270.75665283203125,226.5,597.0131225585938,206.2535400390625,324.0184326171875,69.12000274658203,471.8630065917969,333.8049011230469,345.7669982910156,121.83790588378906,6858.47021484375
2026-01-05,267.0101623535156,233.05999755859375,614.661865234375,203.22959899902344,332.5400085449219,67.94000244140625,471.773193359375,339.38153076171875,353.0719299316406,124.52996063232422,6902.0498046875
2026-01-06,262.1147155761719,240.92999267578125,621.6355590820312,203.70706176757812,334.6099853515625,67.83999633789062,477.4203186035156,346.2779235839844,356.8241882324219,120.24850463867188,6944.81982421875
2026-01-07,260.08660888671875,241.55999755859375,595.1276245117188,206.39279174804688,326.989990234375,67.54000091552734,482.3690185546875,339.06402587890625,355.14764404296875,117.7054443359375,6920.93017578125
2026-01-08,258.7978515625,246.2899932861328,606.7105102539062,204.6619873046875,329.7900085449219,69.37000274658203,477.0212097167969,344.1742858886719,351.50518798828125,122.09618377685547,6921.4599609375
2026-01-09,259.1275329589844,247.3800048828125,616.1783447265625,203.30918884277344,329.19000244140625,70.51000213623047,478.1885681152344,341.3264465332031,349.0502014160156,123.78492736816406,6966.27978515625
2026-01-12,260.0067138671875,246.47000122070312,628.2999877929688,208.6110076904297,324.489990234375,70.5,476.09332275390625,337.8832092285156,342.4937438964844,123.2087631225586,6977.27001953125
2026-01-13,260.8059387207031,242.60000610351562,635.044189453125,212.5202178955078,310.8999938964844,71.23999786376953,469.5981750488281,331.35394287109375,327.2052917480469,125.7021484375,6963.740234375
2026-01-14,259.71697998046875,236.64999389648438,637.259033203125,217.39430236816406,307.8699951171875,71.44000244140625,458.3338928222656,332.3760070800781,328.4926452636719,129.33790588378906,6926.60009765625
2026-01-15,257.9685974121094,238.17999267578125,645.6693115234375,218.40892028808594,309.260009765625,70.4800033569336,455.6200866699219,336.34515380859375,327.0755310058594,128.27500915527344,6944.47021484375
2026-01-16,255.29112243652344,239.1199951171875,645.3800048828125,217.50372314453125,312.4700012207031,70.44000244140625,458.8127746582031,328.4664001464844,327.6243896484375,129.02996826171875,6940.009765625
2026-01-20,246.46937561035156,231.0,629.0,217.0561065673828,302.739990234375,71.75,453.48492431640625,335.8192443847656,325.1495056152344,129.59620666503906,6796.85986328125
2026-01-21,247.41848754882812,231.30999755859375,645.3800048828125,216.85716247558594,302.0400085449219,72.01000213623047,443.0986328125,345.0673522949219,324.6106262207031,132.725341796875,6875.6201171875
2026-01-22,248.1178436279297,234.33999633789062,648.4099731445312,217.33462524414062,303.6300048828125,71.87000274658203,450.1126403808594,351.7355041503906,325.6883850097656,132.75514221191406,6913.35009765625
2026-01-23,247.80812072753906,239.16000366210938,626.6199951171875,218.97589111328125,297.7200012207031,72.87999725341797,464.888916015625,353.5116882324219,325.5087585449219,134.0763397216797,6915.60986328125
2026-01-26,255.17123413085938,238.4199981689453,635.9199829101562,220.3187713623047,301.0400085449219,72.55999755859375,469.20904541015625,348.9273376464844,327.8139953613281,133.9471893310547,6950.22998046875
2026-01-27,258.0285339355469,244.67999267578125,638.9099731445312,223.25315856933594,300.30999755859375,73.55000305175781,479.485595703125,280.5191650390625,324.5906677246094,135.92401123046875,6978.60009765625
2026-01-28,256.2002868652344,243.00999450683594,643.280029296875,226.5158233642578,300.7699890136719,73.05999755859375,480.533203125,291.7518310546875,326.30712890625,136.66905212402344,6978.02978515625
2026-01-29,258.0385437011719,241.72999572753906,665.239990234375,226.0880889892578,306.4200134277344,73.43000030517578,432.5128173828125,290.0351867675781,331.1171875,139.57965087890625,6969.009765625
2026-01-30,259.2374267578125,239.3000030517578,657.3599853515625,226.0482940673828,305.8900146484375,74.80999755859375,429.31011962890625,284.7165222167969,321.1676940917969,140.4637451171875,6939.02978515625
2026-02-02,269.7575988769531,242.9600067138672,690.9099731445312,229.52980041503906,308.1400146484375,75.33000183105469,422.4058837890625,283.3868713378906,333.15301513671875,137.48361206054688,6976.43994140625
2026-02-03,269.22808837890625,238.6199951171875,702.8900146484375,231.86737060546875,314.8500061035156,76.88999938964844,410.2735595703125,281.98773193359375,328.25311279296875,142.7783203125,6917.81005859375
2026-02-04,276.23150634765625,232.99000549316406,691.8200073242188,233.23011779785156,317.2699890136719,77.3499984741211,413.2467956542969,273.7914733886719,329.2710266113281,146.61276245117188,6882.72021484375
2026-02-05,275.6520690917969,222.69000244140625,678.3099975585938,236.53256225585938,310.1600036621094,78.51000213623047,392.7735290527344,266.4783020019531,328.45269775390625,145.11277770996094,6798.39990234375
2026-02-06,277.8599853515625,210.32000732421875,726.2000122070312,238.72093200683594,322.3999938964844,79.02999877929688,400.22650146484375,274.5158386230469,330.89764404296875,148.0631103515625,6932.2998046875
2026-02-09,274.6199951171875,208.72000122070312,742.1199951171875,237.37806701660156,322.1000061035156,77.97000122070312,412.65814208984375,273.57318115234375,324.9100036621094,150.20880126953125,6964.81982421875
2026-02-10,273.67999267578125,206.9600067138672,742.3699951171875,237.08961486816406,318.2799987792969,76.80999755859375,412.328857421875,271.1123046875,328.1700134277344,150.58628845214844,6941.81005859375
2026-02-11,275.5,204.0800018310547,775.0,239.58633422851562,310.82000732421875,78.5999984741211,403.4491271972656,276.7583923339844,329.239990234375,154.52999877929688,6941.47021484375
2026-02-12,261.7300109863281,199.60000610351562,758.2899780273438,243.25682067871094,302.6400146484375,79.0,400.9248962402344,282.17626953125,324.17999267578125,149.92999267578125,6832.759765625
2026-02-13,255.77999877929688,198.7899932861328,774.2000122070312,242.16262817382812,302.54998779296875,78.68000030517578,400.4060974121094,290.92822265625,314.0799865722656,148.4499969482422,6836.169921875
2026-02-17,263.8800048828125,201.14999389648438,764.760009765625,242.04327392578125,307.1300048828125,79.55999755859375,395.95623779296875,286.85986328125,319.5,146.19000244140625,6843.22021484375
2026-02-18,264.3500061035156,204.7899932861328,751.969970703125,243.6945037841797,308.7799987792969,79.48999786376953,398.69000244140625,285.97674560546875,320.29998779296875,150.67999267578125,6881.31005859375
2026-02-19,260.5799865722656,204.86000061035156,760.530029296875,245.60433959960938,308.04998779296875,78.91000366210938,398.4599914550781,287.6933898925781,318.92999267578125,150.97000122070312,6861.89013671875
2026-02-20,264.5799865722656,210.11000061035156,759.739990234375,241.2077178955078,310.7900085449219,79.83999633789062,397.2300109863281,287.7628479003906,320.95001220703125,147.27999877929688,6909.509765625
2026-02-23,266.17999267578125,205.27000427246094,756.469970703125,244.5399932861328,297.6700134277344,80.55999755859375,384.4700012207031,280.16192626953125,306.5199890136719,150.75999450683594,6837.75
2026-02-24,272.1400146484375,208.55999755859375,768.22998046875,246.27999877929688,297.29998779296875,80.72000122070312,389.0,271.836669921875,307.2200012207031,149.25999450683594,6890.06982421875
2026-02-25,274.2300109863281,210.63999938964844,766.6099853515625,245.1699981689453,303.29998779296875,80.47000122070312,400.6000061035156,282.0075988769531,312.989990234375,149.05999755859375,6946.1298828125
2026-02-26,272.95001220703125,207.9199981689453,752.9299926757812,243.47000122070312,306.1300048828125,80.5,401.7200012207031,284.4486083984375,316.70001220703125,148.5399932861328,6908.85986328125
2026-02-27,264.17999267578125,210.0,742.8300170898438,248.42999267578125,300.29998779296875,81.55999755859375,392.739990234375,291.0075988769531,320.1400146484375,152.5,6878.8798828125
2026-03-02,264.7200012207031,208.38999938964844,752.3200073242188,248.55999755859375,297.55999755859375,80.22000122070312,398.54998779296875,292.6548156738281,320.510009765625,154.22000122070312,6881.6201171875
2026-03-03,263.75,208.72999572753906,722.1799926757812,246.75,300.260009765625,79.33999633789062,403.92999267578125,286.97894287109375,320.8299865722656,151.8300018310547,6816.6298828125
2026-03-04,262.5199890136719,216.82000732421875,731.969970703125,245.3000030517578,299.3900146484375,78.0999984741211,405.20001220703125,289.70770263671875,320.4700012207031,149.82000732421875,6869.5
2026-03-05,260.2900085449219,218.94000244140625,706.0800170898438,239.6300048828125,293.54998779296875,77.02999877929688,410.67999267578125,286.5423278808594,319.79998779296875,150.75999450683594,6830.7099609375
2026-03-06,257.4599914550781,213.2100067138672,680.9000244140625,240.39999389648438,289.4800109863281,77.04000091552734,408.9599914550781,284.27001953125,317.3599853515625,151.2100067138672,6740.02001953125
2026-03-09,259.8800048828125,213.49000549316406,704.8200073242188,242.58999633789062,289.9200134277344,77.80000305175781,409.4100036621094,285.1700134277344,315.9700012207031,150.44000244140625,6795.990234375
2026-03-10,260.8299865722656,214.3300018310547,716.6799926757812,243.7100067138672,288.7300109863281,77.87999725341797,405.760009765625,282.3399963378906,314.42999267578125,148.1300048828125,6781.47998046875
2026-03-11,260.80999755859375,212.64999389648438,707.5900268554688,242.99000549316406,287.5199890136719,77.62999725341797,404.8800048828125,285.25,308.9599914550781,151.5800018310547,6775.7998046875
